Barcode,Pool,Sequence,Sample name,notes,time-point,total cell counts in sample,loaded cells,estimated captured (60% of loaded),harvest date,Cellranger estimate (overest.)
SIGAA11,SLX-18995,GTCCGGTC-AAGATCAT-CCTGAAGG-TGATCTCA,Novo_GD8_4.1,"single embryo, distinct somites",GD8,85000,12484,7491,191204,14147
SIGAB11,SLX-18995,GTTCCTCA-AGGTACGC-TAAGTATG-CCCAGGAT,Novo_GD8_4.2,"single embryo, distinct somites",GD8,108800,16495,9897,191204,14270
SIGAD11,SLX-18995,CTTTGCGG-TGCACAAA-AAGCAGTC-GCAGTTCT,Novo_GD8_4.3-5,"no distinct somites, 3 pooled embryos",GD8,116800,17708,10625,191204,"30,523"
SIGAE11,SLX-18995,AAGCGCTG-CGTTTGAT-GTAGCACA-TCCAATGC,Novo_GD8_5.3+5,"no distinct somites, 3 pooled embryos",GD8,69550,11674,7005,191204,21033
SIGAC11,SLX-18995,GAGGATCT-AGACCATA-TCCTGCGC-CTTATGAG,Novo_GD8_5.4,"single embryo, distinct somites",GD8,99200,15040,9024,191204,20059
SIGAA9,SLX-18995,TCTTAAAG-CGAGGCTC-GTCCTTCT-AAGACGGA,Novo_GD7_6.2,single embryo,GD7,9768,6956,4174,191209,4941
SIGAB9,SLX-18995,CTGTAACT-TCTAGCGA-AGAGTGTG-GACCCTAC,Novo_GD7_6.4,single embryo,GD7,24500,16450,9870,191209,8197
SIGAC9,SLX-18995,GCGCAGAA-ATCTTACC-TATGGTGT-CGAACCTG,Novo_GD7_7.1,single embryo,GD7,14300,6721,4033,191209,5581
SIGAD9,SLX-18995,AGGAGATG-GATGTGGT-CTACATCC-TCCTCCAA,Novo_GD7_7.2,single embryo,GD7,5250,3525,2115,191209,3215
SIGAE9,SLX-18995,TTGTTTCC-GGAGGAGG-CCTAACAA-AACCCGTT,Novo_GD7_8.1,single embryo,GD7,7150,5170,3102,191209,5184
SIGAF9,SLX-18995,CAAGCTCC-GTTCACTG-TCGTGAAA-AGCATGGT,Novo_GD7_8.2,single embryo,GD7,22640,13301,7981,191209,4935
SIGAA12,SLX-18995,AGTGGAAC-GTCTCCTT-TCACATCA-CAGATGGG,R1,embryo1_head,GD9,2990,2008,1205,191219,2642
SIGAB12,SLX-18995,TACCACCA-CTAAGTTT-GGGTCAAG-ACTGTGGC,R2,embryo1_trunk,GD9,40375,15181,9109,191219,13644
SIGAC12,SLX-18995,TCTCGTTT-GGCTAGCG-ATGACCGC-CAAGTAAA,R3,embryo1_tail,GD9,25900,8695,5217,191219,12098
SIGAD12,SLX-18995,GCACAATG-CTTGGTAC-TGCACCGT-AAGTTGCA,R4,embryo1_YS,GD9,39600,15510,9306,191219,24881
SIGAE12,SLX-18995,ACCGGCTC-GAGTTAGT-CGTCCTAG-TTAAAGCA,R5,embryo2_head,GD9,3080,2895,1737,191219,3307
SIGAF12,SLX-18995,TGATGCAT-GCTACTGA-CACCTGCC-ATGGAATG,R6,embryo2_trunk,GD9,26600,8930,5358,191219,10204
SIGAG12,SLX-18995,ATTCTAAG-CCCGATTA-TGGAGGCT-GAATCCGC,R7,embryo2_tail,GD9,19250,8225,4935,191219,11088
SIGAH12,SLX-18995,GACAGCAT-TTTGTACA-AGGCCGTG-CCATATGC,R8,embryo2_YS,GD9,54000,14100,8460,191219,24482
SIGAE8,SLX-18995,ATAGTTAC-TGCTGAGT-CCTACGTA-GAGCACCG,R9,embryo3_EP,GD9,30000,11750,7050,191219,3676
SIGAF8,SLX-18995,CATGAACA-TCACTCGC-AGCTGGAT-GTGACTTG,R10,embryo3_EP,GD9,30000,11750,7050,191219,9469
SIGAG8,SLX-18995,TATGAGCT-CCGATAGC-ATACCCAA-GGCTGTTG,R12,embryo3_YS,GD9,31800,14946,8968,191219,14923
SIGAH8,SLX-18995,TTGTTGAT-GCTCAACC-CAAAGTGG-AGCGCCTA,R13,embryo4_EP,GD9,105300,17675,10605,191219,"19,114"
SIGAF11,SLX-18995,GCGAGAGT-TACGTTCA-AGTCCCAC-CTATAGTG,R14,embryo4_EP,GD9,105300,17675,10605,191219,"19,306"
SIGAG11,SLX-18995,TTATCGTT-AGCAGAGC-CATCTCCA-GCGGATAG,R15,embryo4_EP,GD9,105300,17675,10605,191219,21255
SIGAH11,SLX-18995,GGCGAGTA-ACTTCTAT-CAAATACG-TTGCGCGC,R16,embryo4_YS,GD9,22800,8930,5358,191219,"12,013"
,,,,,,,,180883,,334187
